codregion,cod_comuna,Region,Comuna,Total,Validos,Apruebo,Rechazo,Nulo,Blanco,Validos_per,Apruebo_per,Rechazo_per,Nulo_per,Blanco_per,Comuna_Servel
16,16305,Ñuble,San Nicolás,47809,47754,46402,1352,34,21,0.9988495889895208,97.16882355404783,2.8311764459521713,0.07111631701144136,0.04392478403647849,SAN NICOLAS
16,16304,Ñuble,San Fabián,7646,7627,7115,512,12,7,0.9975150405440754,93.28700668677068,6.712993313229316,0.15694480774261052,0.09155113784985613,SAN FABIAN
16,16303,Ñuble,Ñiquén,2608,2581,1353,1228,17,10,0.9896472392638037,52.42154203796978,47.57845796203022,0.651840490797546,0.3834355828220859,ÑIQUEN
16,16302,Ñuble,Coihueco,7347,7275,4538,2737,47,25,0.9902000816659862,62.37800687285223,37.62199312714777,0.6397168912481285,0.3402749421532598,COIHUECO
16,16301,Ñuble,San Carlos,107465,107334,101605,5729,89,42,0.9987809984646164,94.66245551269868,5.337544487301321,0.08281766156423022,0.03908249197413111,SAN CARLOS
16,16207,Ñuble,Treguaco,4691,4673,4145,528,9,9,0.9961628650607547,88.70104857693131,11.298951423068694,0.19185674696226818,0.19185674696226818,TREHUACO
16,16206,Ñuble,Ranquil,88212,88190,87518,672,15,7,0.9997506008252846,99.23800884454019,0.7619911554598027,0.01700448918514488,0.007935428286400944,RANQUIL
16,16205,Ñuble,Portezuelo,7377,7197,3500,3697,108,72,0.9755998373322489,48.63137418368765,51.36862581631235,1.464009760065067,0.9760065067100446,PORTEZUELO
16,16204,Ñuble,Ninhue,2854,2834,2287,547,14,6,0.9929922915206727,80.6986591390261,19.30134086097389,0.4905395935529082,0.21023125437981782,NINHUE
16,16203,Ñuble,Coelemu,7285,7236,5034,2202,28,21,0.9932738503774879,69.56882255389718,30.43117744610282,0.3843514070006863,0.2882635552505148,COELEMU
16,16202,Ñuble,Cobquecura,1686,1665,1206,459,10,11,0.9875444839857651,72.43243243243244,27.56756756756757,0.5931198102016607,0.6524317912218268,COBQUECURA
16,16201,Ñuble,Quirihue,11279,11233,10452,781,32,14,0.9959216242574697,93.04727143238671,6.952728567613282,0.2837130951325472,0.1241244791204894,QUIRIHUE
16,16109,Ñuble,Yungay,6875,6830,5246,1584,29,16,0.9934545454545455,76.80819912152269,23.191800878477306,0.4218181818181818,0.23272727272727273,YUNGAY
16,16108,Ñuble,San Ignacio,1825,1778,130,1648,32,15,0.9742465753424657,7.311586051743532,92.68841394825647,1.7534246575342465,0.821917808219178,SAN IGNACIO
16,16107,Ñuble,Quillón,4044,3996,2203,1793,32,16,0.9881305637982196,55.13013013013013,44.86986986986987,0.791295746785361,0.3956478733926805,QUILLON
16,16106,Ñuble,Pinto,4197,4146,1958,2188,27,24,0.9878484631879915,47.22624216111915,52.773757838880854,0.6433166547533953,0.5718370264474625,PINTO
16,16105,Ñuble,Pemuco,2889,2868,1944,924,10,11,0.9927310488058152,67.78242677824268,32.21757322175732,0.3461405330564209,0.380754586362063,PEMUCO
16,16104,Ñuble,El Carmen,65785,65754,64401,1353,18,13,0.999528767956221,97.9423305046081,2.0576694953919152,0.027361860606521245,0.019761343771376453,EL CARMEN
16,16103,Ñuble,Chillán Viejo,57478,57423,54338,3085,35,20,0.9990431121472564,94.62758824861119,5.3724117513888165,0.060892863356414625,0.034795921917951216,CHILLAN VIEJO
16,16102,Ñuble,Bulnes,35467,35401,33238,2163,44,22,0.9981391152338793,93.89000310725686,6.109996892743143,0.12405898440804128,0.06202949220402064,BULNES
16,16101,Ñuble,Chillán,22947,22545,1397,21148,280,122,0.9824813701137404,6.1964958970946995,93.8035041029053,1.2202030766549004,0.5316599119710638,CHILLAN
15,15202,Arica y Parinacota,General Lagos,2565,2552,2472,80,9,4,0.9949317738791423,96.86520376175548,3.1347962382445136,0.3508771929824561,0.15594541910331383,GENERAL LAGOS
15,15201,Arica y Parinacota,Putre,6795,6757,5350,1407,29,9,0.9944076526857983,79.17714962261358,20.822850377386416,0.42678440029433407,0.13245033112582782,PUTRE
15,15102,Arica y Parinacota,Camarones,5770,5766,5607,159,2,2,0.9993067590987869,97.24245577523412,2.757544224765869,0.03466204506065858,0.03466204506065858,CAMARONES
15,15101,Arica y Parinacota,Arica,30706,30087,10377,19710,453,166,0.979841073405849,34.489979060723904,65.5100209392761,1.4752817039015176,0.5406109555135804,ARICA
14,14204,Los Ríos,Río Bueno,8074,7974,4365,3609,56,44,0.987614565271241,54.74040632054176,45.259593679458234,0.6935843448105028,0.544959128065395,RIO BUENO
14,14203,Los Ríos,Lago Ranco,12003,11956,10748,1208,26,21,0.9960843122552695,89.89628638340582,10.10371361659418,0.2166125135382821,0.17495626093476632,LAGO RANCO
14,14202,Los Ríos,Futrono,2878,2814,630,2184,38,26,0.9777623349548298,22.388059701492537,77.61194029850746,1.320361362056984,0.9034051424600417,FUTRONO
14,14201,Los Ríos,La Unión,77413,77317,73254,4063,70,26,0.9987598982083112,94.74501079969477,5.254989200305237,0.09042408897730356,0.03358609019156989,LA UNION
14,14108,Los Ríos,Panguipulli,7377,7197,3500,3697,108,72,0.9755998373322489,48.63137418368765,51.36862581631235,1.464009760065067,0.9760065067100446,PANGUIPULLI
14,14107,Los Ríos,Paillaco,4197,4146,1958,2188,27,24,0.9878484631879915,47.22624216111915,52.773757838880854,0.6433166547533953,0.5718370264474625,PAILLACO
14,14106,Los Ríos,Mariquina,6262,6207,4424,1783,31,24,0.991216863621846,71.27436764942806,28.725632350571935,0.49504950495049505,0.38326413286489935,MARIQUINA
14,14105,Los Ríos,Máfil,50570,50551,49766,785,10,9,0.999624283171841,98.4471128167593,1.5528871832406876,0.019774569903104607,0.017797112912794146,MAFIL
14,14104,Los Ríos,Los Lagos,45371,45308,43258,2050,38,25,0.998611447841132,95.4754127306436,4.524587269356405,0.08375393974124441,0.05510127614555553,LOS LAGOS
14,14103,Los Ríos,Lanco,27482,27430,25869,1561,28,24,0.9981078524124882,94.30915056507475,5.690849434925265,0.10188487009679062,0.08732988865439197,LANCO
14,14102,Los Ríos,Corral,33851,33833,33463,370,13,5,0.9994682579539748,98.90639316643514,1.0936068335648628,0.038403592212933144,0.014770612389589672,CORRAL
14,14101,Los Ríos,Valdivia,20492,20115,3939,16176,256,121,0.9816025766152645,19.582401193139447,80.41759880686055,1.2492680070271327,0.590474331446418,VALDIVIA
13,13605,Metropolitana,Peñaflor,3176,3154,1935,1219,18,4,0.993073047858942,61.35066582117945,38.649334178820546,0.5667506297229219,0.12594458438287154,PEÑAFLOR
13,13604,Metropolitana,Padre Hurtado,37799,37682,34181,3501,95,22,0.9969046800179899,90.70909187410435,9.290908125895653,0.25132940024868383,0.05820259795232678,PADRE HURTADO
13,13603,Metropolitana,Isla de Maipo,63940,63860,61095,2765,59,21,0.9987488270253363,95.67021609771375,4.329783902286252,0.09227400688145136,0.032843290584923364,ISLA DE MAIPO
13,13602,Metropolitana,El Monte,4860,4768,2390,2378,64,28,0.9810699588477366,50.125838926174495,49.874161073825505,1.316872427983539,0.5761316872427984,EL MONTE
13,13601,Metropolitana,Talagante,7498,7326,749,6577,114,58,0.9770605494798613,10.223860223860223,89.77613977613977,1.5204054414510537,0.7735396105628167,TALAGANTE
13,13505,Metropolitana,San Pedro,3596,3570,2941,629,16,10,0.9927697441601779,82.38095238095238,17.61904761904762,0.44493882091212456,0.27808676307007785,SAN PEDRO
13,13504,Metropolitana,María Pinto,2987,2960,1938,1022,15,12,0.9909608302644795,65.47297297297298,34.52702702702703,0.5021760964178106,0.4017408771342484,MARIA PINTO
13,13503,Metropolitana,Curacaví,6566,6460,3491,2969,78,28,0.9838562290587877,54.040247678018574,45.959752321981426,1.187937861711849,0.42643923240938164,CURACAVI
13,13502,Metropolitana,Alhué,5249,5241,4932,309,7,1,0.9984759001714613,94.10417859187177,5.89582140812822,0.13335873499714232,0.019051247856734618,ALHUE
13,13501,Metropolitana,Melipilla,9932,9487,1542,7945,157,288,0.9551953282319774,16.25382101823548,83.74617898176452,1.580749093838099,2.899718082964156,MELIPILLA
13,13404,Metropolitana,Paine,10891,10710,5434,5276,119,62,0.9833807731154164,50.737628384687206,49.262371615312794,1.0926453034615737,0.5692773849967864,PAINE
13,13403,Metropolitana,Calera de Tango,24023,23965,20625,3340,41,17,0.9975856470882072,86.06300855414145,13.936991445858544,0.17066977479915083,0.0707655163801357,CALERA DE TANGO
13,13402,Metropolitana,Buin,14572,14389,7223,7166,124,59,0.9874416689541586,50.19806796858711,49.80193203141288,0.8509470216854241,0.4048860828987098,BUIN
13,13401,Metropolitana,San Bernardo,57234,56593,38979,17614,469,172,0.9888003634203445,68.87600940045589,31.123990599544115,0.8194429884334488,0.3005206695320963,SAN BERNARDO
13,13303,Metropolitana,Tiltil,6347,6297,5084,1213,37,13,0.9921222624862139,80.7368588216611,19.26314117833889,0.582952576020167,0.20482117535843705,TILTIL
13,13302,Metropolitana,Lampa,12546,12399,7030,5369,94,53,0.9882831181252989,56.69812081619485,43.30187918380515,0.7492427865455126,0.4224454009245975,LAMPA
13,13301,Metropolitana,Colina,17056,16753,131,16622,204,99,0.982234990619137,0.7819495015818063,99.2180504984182,1.1960600375234522,0.5804409005628518,COLINA
13,13203,Metropolitana,San José de Maipo,43222,43173,41800,1373,27,22,0.9988663180787561,96.81977161651957,3.180228383480416,0.06246818749710795,0.05090000462727314,SAN JOSE DE MAIPO
13,13202,Metropolitana,Pirque,10891,10710,5434,5276,119,62,0.9833807731154164,50.737628384687206,49.262371615312794,1.0926453034615737,0.5692773849967864,PIRQUE
13,13201,Metropolitana,Puente Alto,2889,2868,1944,924,10,11,0.9927310488058152,67.78242677824268,32.21757322175732,0.3461405330564209,0.380754586362063,PUENTE ALTO
13,13132,Metropolitana,Vitacura,157489,157233,116910,40323,162,94,0.998374489646896,74.354620213314,25.645379786686,0.10286432703236416,0.05968670827803847,VITACURA
13,13131,Metropolitana,San Ramón,9212,8887,2935,5952,227,98,0.9647199305254016,33.02576797569483,66.97423202430517,2.4641771602257925,1.0638297872340425,SAN RAMON
13,13130,Metropolitana,San Miguel,13349,13154,2530,10624,157,38,0.9853921642070567,19.23369317317926,80.76630682682074,1.1761180612779985,0.2846655180163308,SAN MIGUEL
13,13129,Metropolitana,San Joaquín,17704,17493,11301,6192,149,62,0.9880817894261184,64.60298405076315,35.39701594923684,0.841617713511071,0.3502033438770899,SAN JOAQUIN
13,13128,Metropolitana,Renca,10366,9872,2638,7234,241,253,0.9523442021994983,26.722042139384115,73.277957860615885,2.3249083542349993,2.440671425815165,RENCA
13,13127,Metropolitana,Recoleta,15331,14897,3230,11667,318,116,0.9716913443350075,21.682217896220717,78.3177821037793,2.074228686974105,0.7566368795251451,RECOLETA
13,13126,Metropolitana,Quinta Normal,13994,13739,5504,8235,180,75,0.9817779048163499,40.061139820947666,59.938860179052334,1.2862655423753038,0.5359439759897099,QUINTA NORMAL
13,13125,Metropolitana,Quilicura,11563,11272,1122,10150,216,75,0.9748335207126179,9.953867991483321,90.04613200851668,1.8680273285479547,0.6486206001902621,QUILICURA
13,13124,Metropolitana,Pudahuel,3562,3541,2589,952,14,7,0.9941044357102752,73.11493928268851,26.885060717311493,0.39303761931499154,0.19651880965749577,PUDAHUEL
13,13123,Metropolitana,Providencia,6619,6494,1974,4520,88,37,0.9811149720501586,30.397289805974747,69.60271019402525,1.3295059676688321,0.5589968273153044,PROVIDENCIA
13,13122,Metropolitana,Peñalolén,7365,7235,2928,4307,92,38,0.9823489477257298,40.46993780234969,59.53006219765031,1.2491513917175832,0.5159538357094365,PEÑALOLEN
13,13121,Metropolitana,Pedro Aguirre Cerda,17601,17166,10252,6914,353,82,0.9752854951423214,59.72270767796808,40.27729232203192,2.0055678654621896,0.46588262030566446,PEDRO AGUIRRE CERDA
13,13120,Metropolitana,Ñuñoa,7095,7068,5840,1228,17,10,0.9961945031712474,82.62591963780419,17.374080362195812,0.23960535588442564,0.14094432699083861,ÑUÑOA
13,13119,Metropolitana,Maipú,36416,35567,2049,33518,644,205,0.976686072056239,5.760958191582084,94.23904180841791,1.7684534270650265,0.5629393673110721,MAIPU
13,13118,Metropolitana,Macul,27128,26882,16393,10489,170,76,0.9909318785019169,60.98132579421174,39.01867420578826,0.626658802713064,0.28015334709525214,MACUL
13,13117,Metropolitana,Lo Prado,51643,51354,44657,6697,216,73,0.9944038882326743,86.95914631771625,13.040853682283757,0.4182561044091164,0.1413550723234514,LO PRADO
13,13116,Metropolitana,Lo Espejo,27135,26815,21111,5704,217,103,0.9882071125852221,78.72832369942196,21.271676300578036,0.7997051778146306,0.37958356366316565,LO ESPEJO
13,13115,Metropolitana,Lo Barnechea,39828,39584,5682,33902,178,66,0.9938736567239128,14.354284559417946,85.64571544058205,0.4469217635834087,0.16571256402530884,LO BARNECHEA
13,13114,Metropolitana,Las Condes,100341,99643,7187,92456,462,236,0.9930437209116911,7.2127495157713035,92.78725048422871,0.46042993392531467,0.23519797490557198,LAS CONDES
13,13113,Metropolitana,La Reina,83990,83780,64777,19003,128,82,0.9974997023455173,77.31797565051325,22.682024349486753,0.15239909513037267,0.09763067031789499,LA REINA
13,13112,Metropolitana,La Pintana,22535,22067,13580,8487,342,126,0.9792323053028622,61.539855893415506,38.460144106584494,1.5176392278677613,0.5591302418460173,LA PINTANA
13,13111,Metropolitana,La Granja,160206,159920,152889,7031,213,73,0.9982147984469995,95.60342671335668,4.396573286643322,0.13295382195423394,0.045566333345817264,LA GRANJA
13,13110,Metropolitana,La Florida,30613,29790,1158,28632,479,344,0.973115996472087,3.8872104733131922,96.11278952668681,1.5646947375298075,1.1237056152614902,LA FLORIDA
13,13109,Metropolitana,La Cisterna,9026,8860,377,8483,124,42,0.9816086860181698,4.255079006772009,95.74492099322799,1.3738089962331044,0.4653224019499224,LA CISTERNA
13,13108,Metropolitana,Independencia,18338,18157,11166,6991,129,52,0.9901297851455994,61.49694332764223,38.503056672357765,0.7034573017777294,0.2835641836623405,INDEPENDENCIA
13,13107,Metropolitana,Huechuraba,12594,12370,3808,8562,153,71,0.982213752580594,30.784155214227972,69.21584478577203,1.2148642210576466,0.5637605208829601,HUECHURABA
13,13106,Metropolitana,Estación Central,2848,2541,1521,1020,240,67,0.8922050561797753,59.85832349468713,40.141676505312866,8.426966292134832,2.3525280898876404,ESTACION CENTRAL
13,13105,Metropolitana,El Bosque,19424,19046,7987,11059,272,106,0.9805395387149918,41.93531450173265,58.06468549826735,1.400329489291598,0.5457166392092258,EL BOSQUE
13,13104,Metropolitana,Conchalí,86419,86125,77106,9019,204,90,0.9965979703537416,89.52801161103048,10.471988388969521,0.23605919994445665,0.10414376468137793,CONCHALI
13,13103,Metropolitana,Cerro Navia,39380,39002,31190,7812,259,119,0.990401218892839,79.97025793549048,20.029742064509513,0.6576942610462163,0.3021838496698832,CERRO NAVIA
13,13102,Metropolitana,Cerrillos,14355,14201,8227,5974,120,34,0.989272030651341,57.932539961974506,42.06746003802549,0.8359456635318705,0.23685127133402997,CERRILLOS
13,13101,Metropolitana,Santiago,36035,35442,5345,30097,414,179,0.9835437768835854,15.080977371480165,84.91902262851984,1.1488830303871236,0.4967392812543361,SANTIAGO
12,12402,Magallanes y Antártica Chilena,Torres del Paine,17966,17960,17846,114,4,2,0.999666035845486,99.3652561247216,0.6347438752783964,0.022264276967605478,0.011132138483802739,TORRES DEL PAINE
12,12401,Magallanes y Antártica Chilena,Natales,7132,7091,5840,1251,25,16,0.9942512619181155,82.35791848822451,17.64208151177549,0.35053280987100394,0.2243409983174425,NATALES
12,12303,Magallanes y Antártica Chilena,Timaukel,6819,6818,6788,30,1,0,0.9998533509312216,99.55998826635377,0.44001173364623053,0.014664906877841324,0,TIMAUKEL
12,12302,Magallanes y Antártica Chilena,Primavera,3276,3246,2779,467,21,9,0.9908424908424909,85.61306223043746,14.386937769562538,0.641025641025641,0.27472527472527475,PRIMAVERA
12,12301,Magallanes y Antártica Chilena,Porvenir,9302,9290,8572,718,12,0,0.9987099548484197,92.27125941872981,7.728740581270182,0.12900451515803052,0,PORVENIR
12,12201,Magallanes y Antártica Chilena,Cabo de Hornos,8218,8217,7948,269,1,0,0.9998783158919445,96.7262991359377,3.27370086406231,0.012168410805548795,0,CABO DE HORNOS(EX-NAVARINO)
12,12104,Magallanes y Antártica Chilena,San Gregorio,26120,26119,26045,74,0,1,0.9999617151607963,99.71668134308358,0.283318656916421,0,0.0038284839203675345,SAN GREGORIO
12,12103,Magallanes y Antártica Chilena,Río Verde,3675,3674,3616,58,0,1,0.9997278911564625,98.421339139902,1.5786608600979857,0,0.027210884353741496,RIO VERDE
12,12102,Magallanes y Antártica Chilena,Laguna Blanca,309,309,247,62,0,0,1,79.93527508090615,20.06472491909385,0,0,LAGUNA BLANCA
12,12101,Magallanes y Antártica Chilena,Punta Arenas,4383,4365,3608,757,11,7,0.9958932238193019,82.65750286368842,17.342497136311568,0.25096965548710926,0.15970796258270592,PUNTA ARENAS
11,11402,Aysén del Gral.Ibañez del Campo,Río Ibáñez,1648,1640,1353,287,2,6,0.9951456310679612,82.5,17.5,0.12135922330097086,0.3640776699029126,RIO IBAÑEZ
11,11401,Aysén del Gral.Ibañez del Campo,Chile Chico,30163,30154,29875,279,5,4,0.9997016211915261,99.0747496186244,0.9252503813756052,0.016576600470775454,0.013261280376620364,CHILE CHICO
11,11303,Aysén del Gral.Ibañez del Campo,Tortel,495,495,472,23,0,0,1,95.35353535353536,4.646464646464646,0,0,TORTEL
11,11302,Aysén del Gral.Ibañez del Campo,O'Higgins,2086,2086,2003,83,0,0,1,96.02109300095877,3.978906999041227,0,0,OHIGGINS
11,11301,Aysén del Gral.Ibañez del Campo,Cochrane,1043,1036,754,282,5,2,0.9932885906040269,72.77992277992279,27.220077220077222,0.4793863854266539,0.19175455417066153,COCHRANE
11,11203,Aysén del Gral.Ibañez del Campo,Guaitecas,13087,13085,12968,117,0,2,0.9998471765874531,99.10584638899503,0.8941536110049676,0,0.015282341254680218,GUAITECAS
11,11202,Aysén del Gral.Ibañez del Campo,Cisnes,3615,3606,3081,525,4,5,0.9975103734439834,85.44093178036606,14.559068219633945,0.11065006915629322,0.13831258644536654,CISNES
11,11201,Aysén del Gral.Ibañez del Campo,Aysén,65828,65765,64067,1698,42,21,0.999042960442365,97.41807952558351,2.5819204744164828,0.06380263717566993,0.031901318587834966,AYSEN
11,11102,Aysén del Gral.Ibañez del Campo,Lago Verde,2219,2217,2093,124,0,2,0.9990986931050022,94.40685611186288,5.593143888137122,0,0.09013068949977468,LAGO VERDE
11,11101,Aysén del Gral.Ibañez del Campo,Coyhaique,7338,7234,1991,5243,61,43,0.9858272008721722,27.522808957699752,72.47719104230025,0.8312891796129737,0.585990733169801,COYHAIQUE
10,10404,Los Lagos,Palena,22709,22697,22495,202,6,6,0.9994715751464177,99.11001453936643,0.8899854606335639,0.02642124267911401,0.02642124267911401,PALENA
10,10403,Los Lagos,Hualaihué,6884,6862,6338,524,13,9,0.9968041836141778,92.36374234916934,7.636257650830662,0.18884369552585706,0.13073794305636258,HUALAIHUE
10,10402,Los Lagos,Futaleufú,5520,5515,5185,330,2,3,0.9990942028985508,94.01631912964642,5.983680870353581,0.036231884057971016,0.05434782608695652,FUTALEUFU
10,10401,Los Lagos,Chaitén,56311,56299,55912,387,7,5,0.9997868977642024,99.312598802820645,0.687401197179346,0.012430963754861394,0.008879259824900997,CHAITEN
10,10307,Los Lagos,San Pablo,4484,4445,3334,1111,26,13,0.9913024085637824,75.00562429696288,24.994375703037118,0.5798394290811775,0.28991971454058874,SAN PABLO
10,10306,Los Lagos,San Juan de la Costa,8153,8119,7506,613,15,19,0.995829755918067,92.44980908978938,7.550190910210618,0.183981356555869,0.2330430516374341,SAN JUAN DE LA COSTA
10,10305,Los Lagos,Río Negro,2309,2272,637,1635,22,15,0.9839757470766566,28.036971830985912,71.96302816901408,0.9527934170636638,0.64963187527068,RIO NEGRO
10,10304,Los Lagos,Puyehue,8238,8187,6173,2014,29,22,0.9938091769847051,75.40002442897277,24.599975571027237,0.35202719106579267,0.2670551104637048,PUYEHUE
10,10303,Los Lagos,Purranque,6021,6001,5355,646,16,4,0.9966782926424183,89.23512747875354,10.764872521246458,0.26573658860654376,0.06643414715163594,PURRANQUE
10,10302,Los Lagos,Puerto Octay,7365,7235,2928,4307,92,38,0.9823489477257298,40.46993780234969,59.53006219765031,1.2491513917175832,0.5159538357094365,PUERTO OCTAY
10,10301,Los Lagos,Osorno,24510,24136,5856,18280,255,119,0.9847409220726234,24.262512429565795,75.7374875704342,1.040391676866585,0.4855161158710731,OSORNO
10,10210,Los Lagos,Quinchao,57921,57884,57468,416,19,18,0.9993611988743288,99.28132126321609,0.7186787367839126,0.03280330104797914,0.031076811519138135,QUINCHAO
10,10209,Los Lagos,Quemchi,7147,7122,6745,377,9,16,0.9965020288232825,94.70654310586913,5.293456894130863,0.12592696236183015,0.22387015530992024,QUEMCHI
10,10208,Los Lagos,Quellón,3232,3124,1320,1804,57,51,0.9665841584158416,42.25352112676056,57.74647887323944,1.7636138613861385,1.577970297029703,QUELLON
10,10207,Los Lagos,Queilén,2409,2403,2235,168,2,4,0.9975093399750934,93.00873907615481,6.991260923845194,0.08302200083022,0.16604400166044,QUEILEN
10,10206,Los Lagos,Puqueldón,2271,2236,1778,458,20,15,0.9845882870981947,79.51699463327371,20.4830053667263,0.8806693086745927,0.6605019815059445,PUQUELDON
10,10205,Los Lagos,Dalcahue,48980,48946,48312,634,22,12,0.9993058391180073,98.7046949699669,1.2953050300330977,0.044916292364230295,0.02449979583503471,DALCAHUE
10,10204,Los Lagos,Curaco de Vélez,11937,11925,11713,212,8,4,0.9989947222920331,98.22222222222223,1.7777777777777777,0.06701851386445506,0.03350925693222753,CURACO DE VELEZ
10,10203,Los Lagos,Chonchi,3508,3476,2951,525,17,15,0.9908779931584949,84.8964326812428,15.103567318757191,0.4846066134549601,0.42759407069555305,CHONCHI
10,10202,Los Lagos,Ancud,24259,24154,21589,2565,71,34,0.9956717094686508,89.38064088763767,10.619359112362343,0.2926748835483738,0.1401541695865452,ANCUD
10,10201,Los Lagos,Castro,12067,11978,9148,2830,50,39,0.9926245131349962,76.37335114376357,23.626648856236436,0.41435319466313086,0.32319549183724205,CASTRO
10,10109,Los Lagos,Puerto Varas,24759,24587,18497,6090,102,70,0.9930530312209701,75.23081303127668,24.769186968723307,0.41197140433781654,0.28272547356516825,PUERTO VARAS
10,10108,Los Lagos,Maullín,10032,9988,8355,1633,30,14,0.9956140350877193,83.65038045654785,16.349619543452143,0.29904306220095694,0.13955342902711323,MAULLIN
10,10107,Los Lagos,Llanquihue,12448,12381,10304,2077,39,28,0.9946176092544987,83.22429529117196,16.775704708828044,0.3133033419023136,0.2249357326478149,LLANQUIHUE
10,10106,Los Lagos,Los Muermos,7735,7683,5399,2284,23,29,0.9932773109243698,70.27202915527788,29.727970844722112,0.297349709114415,0.3749191984486102,LOS MUERMOS
10,10105,Los Lagos,Frutillar,5889,5840,3166,2674,36,13,0.9916794022754287,54.21232876712329,45.78767123287671,0.6113092205807438,0.22075055187637968,FRUTILLAR
10,10104,Los Lagos,Fresia,3980,3942,2465,1477,20,18,0.9904522613065326,62.53170979198377,37.468290208016235,0.5025125628140703,0.4522613065326633,FRESIA
10,10103,Los Lagos,Cochamó,2000,1979,1595,384,6,15,0.9895,80.59626073774633,19.403739262253662,0.3,0.75,COCHAMO
10,10102,Los Lagos,Calbuco,54607,54442,52056,2386,98,67,0.9969784093614372,95.6173542485581,4.382645751441902,0.17946417126009487,0.1226948925961873,CALBUCO
10,10101,Los Lagos,Puerto Montt,3176,3154,1935,1219,18,4,0.993073047858942,61.35066582117945,38.649334178820546,0.5667506297229219,0.12594458438287154,PUERTO MONTT
9,9211,La Araucanía,Victoria,6879,6759,1566,5193,76,44,0.9825556040122111,23.169107856191744,76.83089214380826,1.1048117458932984,0.6396278528855939,VICTORIA
9,9210,La Araucanía,Traiguén,2442,2373,184,2189,34,35,0.9717444717444718,7.753898019384745,92.24610198061526,1.3923013923013923,1.4332514332514332,TRAIGUEN
9,9209,La Araucanía,Renaico,65416,65391,64311,1080,17,8,0.9996178305001835,98.34839656833509,1.651603431664908,0.02598752598752599,0.012229423994129877,RENAICO
9,9208,La Araucanía,Purén,5021,4989,4146,843,18,14,0.9936267675761801,83.1028262176789,16.897173782321108,0.35849432383987256,0.27882891854212305,PUREN
9,9207,La Araucanía,Lumaco,18318,18256,17050,1206,31,31,0.9966153510208539,93.39395267309378,6.606047326906222,0.16923244895730977,0.16923244895730977,LUMACO
9,9206,La Araucanía,Los Sauces,3866,3830,2780,1050,24,12,0.9906880496637351,72.58485639686684,27.415143603133156,0.6207966890843248,0.3103983445421624,LOS SAUCES
9,9205,La Araucanía,Lonquimay,6843,6775,5457,1318,42,26,0.9900628379365776,80.54612546125462,19.45387453874539,0.6137658921525646,0.3799503141896829,LONQUIMAY
9,9204,La Araucanía,Ercilla,1893,1841,821,1020,26,26,0.9725303750660328,44.59532862574688,55.40467137425312,1.3734812466983624,1.3734812466983624,ERCILLA
9,9203,La Araucanía,Curacautín,6522,6469,4090,2379,33,20,0.9918736583869978,63.22460967692069,36.7753903230793,0.5059797608095675,0.306654400490647,CURACAUTIN
9,9202,La Araucanía,Collipulli,35705,35599,32524,3075,65,41,0.997031228119311,91.36211691339643,8.637883086603557,0.18204733230639966,0.11482985576249825,COLLIPULLI
9,9201,La Araucanía,Angol,12967,12799,5450,7349,97,71,0.9870440348577157,42.58145167591218,57.418548324087816,0.7480527492866507,0.5475437649417753,ANGOL
9,9121,La Araucanía,Cholchol,12485,12415,11218,1197,51,19,0.9943932719263116,90.35843737414419,9.64156262585582,0.4084901882258711,0.15218261914297157,CHOLCHOL
9,9120,La Araucanía,Villarrica,47772,47643,41109,6534,89,40,0.9972996734488822,86.28549839430765,13.714501605692336,0.18630159926316672,0.08373105584861425,VILLARRICA
9,9119,La Araucanía,Vilcún,12631,12505,9483,3022,70,56,0.9900245427915446,75.83366653338665,24.166333466613356,0.5541920671364104,0.44335365370912827,VILCUN
9,9118,La Araucanía,Toltén,10483,10424,9211,1213,30,29,0.9943718401221024,88.36339217191097,11.636607828089025,0.28617762091004484,0.27663836687971,TOLTEN
9,9117,La Araucanía,Teodoro Schmidt,9844,9789,8028,1761,28,27,0.9944128403088176,82.01041985902545,17.989580140974564,0.28443722064201543,0.2742787484762292,TEODORO SCHMIDT
9,9116,La Araucanía,Saavedra,5619,5558,4558,1000,34,27,0.989143975796405,82.00791651673264,17.99208348326736,0.6050898736429969,0.4805125467164976,SAAVEDRA
9,9115,La Araucanía,Pucón,49432,49413,48630,783,15,4,0.9996156335976695,98.41539675793818,1.5846032420618057,0.030344715973458485,0.00809192425958893,PUCON
9,9114,La Araucanía,Pitrufquén,22709,22697,22495,202,6,6,0.9994715751464177,99.11001453936643,0.8899854606335639,0.02642124267911401,0.02642124267911401,PITRUFQUEN
9,9113,La Araucanía,Perquenco,6192,6136,5168,968,32,24,0.9909560723514211,84.22425032594523,15.77574967405476,0.516795865633075,0.3875968992248062,PERQUENCO
9,9112,La Araucanía,Padre Las Casas,29683,29475,22498,6977,141,67,0.9929926220395513,76.32909245122985,23.670907548770145,0.47501937135734257,0.2257184246875316,PADRE LAS CASAS
9,9111,La Araucanía,Nueva Imperial,8486,8454,7267,1187,23,9,0.996229083195852,85.95930920274427,14.040690797255737,0.2710346452981381,0.10605703511666273,NUEVA IMPERIAL
9,9110,La Araucanía,Melipeuco,5189,5156,4572,584,15,18,0.9936403931393332,88.67339022498061,11.326609775019394,0.28907303912121796,0.34688764694546154,MELIPEUCO
9,9109,La Araucanía,Loncoche,3927,3887,1815,2072,27,13,0.9898141074611663,46.69410856701827,53.30589143298173,0.6875477463712758,0.3310415075120957,LONCOCHE
9,9108,La Araucanía,Lautaro,78263,78173,73386,4787,68,22,0.9988500313047034,93.87640233840328,6.123597661596715,0.08688652364463412,0.028110345885028688,LAUTARO
9,9107,La Araucanía,Gorbea,2349,2304,220,2084,25,20,0.9808429118773946,9.54861111111111,90.45138888888889,1.064282673478076,0.8514261387824607,GORBEA
9,9106,La Araucanía,Galvarino,4549,4479,3484,995,46,24,0.9846120026379424,77.78521991515963,22.214780084840367,1.0112112552209276,0.5275884809848318,GALVARINO
9,9105,La Araucanía,Freire,5084,5013,2612,2401,51,20,0.9860346184107003,52.10452822661081,47.89547177338919,1.003147128245476,0.3933910306845004,FREIRE
9,9104,La Araucanía,Curarrehue,10648,10624,9733,891,12,12,0.9977460555972952,91.61332831325302,8.386671686746988,0.11269722013523666,0.11269722013523666,CURARREHUE
9,9103,La Araucanía,Cunco,19157,19079,17165,1914,47,31,0.9959283812705538,89.96802767440641,10.031972325593584,0.2453411285691914,0.16182074437542412,CUNCO
9,9102,La Araucanía,Carahue,9322,9258,7038,2220,39,25,0.9931345204891654,76.02073882047958,23.979261179520414,0.4183651576914825,0.268182793391976,CARAHUE
9,9101,La Araucanía,Temuco,42758,42229,4072,38157,361,168,0.987628046213574,9.642662625210164,90.35733737478984,0.8442864493194255,0.3929089293231676,TEMUCO
8,8314,Bío-Bío,Alto Biobío,2859,2747,2323,424,69,43,0.9608254634487583,84.564979978158,15.43502002184201,2.413431269674711,1.5040223854494577,ALTO BIOBIO
8,8313,Bío-Bío,Yumbel,6111,6030,3881,2149,56,25,0.9867452135493373,64.36152570480928,35.63847429519071,0.9163802978235969,0.4090983472426772,YUMBEL
8,8312,Bío-Bío,Tucapel,2885,2836,1569,1267,29,20,0.9830155979202773,55.324400564174894,44.675599435825106,1.0051993067590987,0.6932409012131715,TUCAPEL
8,8311,Bío-Bío,Santa Bárbara,17780,17729,16379,1350,30,21,0.9971316085489313,92.38535732415815,7.614642675841841,0.1687289088863892,0.11811023622047244,SANTA BARBARA
8,8310,Bío-Bío,San Rosendo,39339,39323,38972,351,12,4,0.9995932789343908,99.10739262009511,0.8926073799048904,0.030504079920689393,0.010168026640229796,SAN ROSENDO
8,8309,Bío-Bío,Quilleco,74674,74635,73637,998,23,16,0.9994777298658167,98.66282575199304,1.3371742480069673,0.03080054637490961,0.02142646704341538,QUILLECO
8,8308,Bío-Bío,Quilaco,2354,2330,1922,408,18,6,0.989804587935429,82.48927038626609,17.510729613733904,0.7646559048428208,0.2548853016142736,QUILACO
8,8307,Bío-Bío,Negrete,3739,3683,2322,1361,37,19,0.9850227333511634,63.04642954113494,36.95357045886505,0.9895694035838459,0.5081572612998128,NEGRETE
8,8306,Bío-Bío,Nacimiento,10388,10312,7252,3060,47,29,0.9926838659992299,70.32583397982933,29.674166020170674,0.45244512899499423,0.2791682710820177,NACIMIENTO
8,8305,Bío-Bío,Mulchén,12557,12433,9673,2760,72,52,0.990125029863821,77.80101343199549,22.198986568004504,0.5733853627458788,0.41411165087202356,MULCHEN
8,8304,Bío-Bío,Laja,2436,2341,139,2202,69,26,0.9610016420361248,5.937633489961555,94.06236651003844,2.832512315270936,1.0673234811165846,LAJA
8,8303,Bío-Bío,Cabrero,3572,3493,375,3118,47,32,0.9778835386338186,10.7357572287432,89.26424277125679,1.3157894736842104,0.8958566629339306,CABRERO
8,8302,Bío-Bío,Antuco,120433,120412,119981,431,17,4,0.9998256291880132,99.64206225293161,0.35793774706839854,0.014115732398927203,0.0033213487997475776,ANTUCO
8,8301,Bío-Bío,Los Angeles,50823,50331,25366,24965,323,169,0.9903193436042736,50.39836283801235,49.60163716198765,0.6355390276056117,0.3325266119670228,LOS ANGELES
8,8207,Bío-Bío,Tirúa,1057,1001,63,938,37,19,0.9470198675496688,6.293706293706294,93.7062937062937,3.5004730368968775,1.7975402081362346,TIRUA
8,8206,Bío-Bío,Los Alamos,4427,4364,1963,2401,35,28,0.9857691438897673,44.981668194317145,55.01833180568286,0.790603117235148,0.6324824937881184,LOS ALAMOS
8,8205,Bío-Bío,Curanilahue,4417,4295,1091,3204,84,38,0.9723794430609011,25.40162980209546,74.59837019790454,1.9017432646592711,0.8603124292506226,CURANILAHUE
8,8204,Bío-Bío,Contulmo,15245,15233,14300,933,9,3,0.9992128566743195,93.87513949977023,6.124860500229764,0.05903574942604132,0.019678583142013775,CONTULMO
8,8203,Bío-Bío,Cañete,6805,6725,3320,3405,50,30,0.988243938280676,49.36802973977695,50.63197026022305,0.7347538574577517,0.440852314474651,CAÑETE
8,8202,Bío-Bío,Arauco,5431,5327,1341,3986,60,44,0.9808506720677591,25.173643701896005,74.826356298104,1.1047689191677408,0.8101638740563432,ARAUCO
8,8201,Bío-Bío,Lebu,10931,10823,8037,2786,79,29,0.9901198426493459,74.25852351473713,25.741476485262865,0.7227152136126612,0.26530052145274907,LEBU
8,8112,Bío-Bío,Hualpén,12569,12306,3300,9006,189,74,0.9790755032222134,26.816187225743537,73.18381277425647,1.5036995783276315,0.5887500994510303,HUALPEN
8,8111,Bío-Bío,Tomé,7800,7653,2126,5527,92,55,0.9811538461538462,27.779955572977915,72.22004442702207,1.1794871794871795,0.7051282051282052,TOME
8,8110,Bío-Bío,Talcahuano,90921,90578,74989,15589,244,99,0.9962274941982601,82.78941906423192,17.210580935768068,0.2683648442054091,0.10888573596858811,TALCAHUANO
8,8109,Bío-Bío,Santa Juana,11840,11772,10240,1532,45,23,0.9942567567567567,86.98606863744477,13.013931362555214,0.3800675675675676,0.19425675675675677,SANTA JUANA
8,8108,Bío-Bío,San Pedro de la Paz,16440,16216,2911,13305,159,65,0.9863746958637469,17.951406018746916,82.04859398125308,0.9671532846715328,0.3953771289537713,SAN PEDRO DE LA PAZ
8,8107,Bío-Bío,Penco,1230,1181,1051,130,30,19,0.9601626016260163,88.99237933954277,11.00762066045724,2.4390243902439024,1.5447154471544715,PENCO
8,8106,Bío-Bío,Lota,13614,13395,7662,5733,157,62,0.9839136183340679,57.200447928331464,42.799552071668536,1.1532246217129425,0.4554135448802703,LOTA
8,8105,Bío-Bío,Hualqui,36297,36199,34255,1944,59,39,0.9973000523459239,94.6296859029255,5.370314097074505,0.16254786896988732,0.10744689643772212,HUALQUI
8,8104,Bío-Bío,Florida,53873,53838,52728,1110,23,12,0.9993503239099363,97.93825922211077,2.061740777889223,0.042693000204183915,0.02227460880218291,FLORIDA
8,8103,Bío-Bío,Chiguayante,12211,12013,3774,8239,148,50,0.9837851117844566,31.415966036793474,68.58403396320652,1.2120219474244533,0.40946687412988286,CHIGUAYANTE
8,8102,Bío-Bío,Coronel,79810,79518,68988,10530,201,91,0.9963413106127051,86.75771523428658,13.242284765713425,0.25184813933091094,0.11402079939857161,CORONEL
8,8101,Bío-Bío,Concepción,31900,31460,4428,27032,335,105,0.9862068965517241,14.075015893197712,85.9249841068023,1.0501567398119123,0.329153605015674,CONCEPCION
7,7408,Maule,Yerbas Buenas,21471,21421,19746,1675,35,15,0.9976712775371431,92.1805704682321,7.819429531767891,0.16301057239998137,0.0698616738857063,YERBAS BUENAS
7,7407,Maule,Villa Alegre,7632,7599,5971,1628,22,11,0.9956761006289309,78.57612843795236,21.42387156204764,0.2882599580712788,0.1441299790356394,VILLA ALEGRE
7,7406,Maule,San Javier,7381,7277,3255,4022,66,38,0.9859097683240753,44.7299711419541,55.2700288580459,0.8941877794336811,0.514835388158786,SAN JAVIER
7,7405,Maule,Retiro,11051,10994,9428,1566,33,24,0.9948420957379422,85.75586683645625,14.24413316354375,0.2986155099086056,0.21717491629716767,RETIRO
7,7404,Maule,Parral,6619,6494,1974,4520,88,37,0.9811149720501586,30.397289805974747,69.60271019402525,1.3295059676688321,0.5589968273153044,PARRAL
7,7403,Maule,Longaví,8527,8471,6125,2346,41,15,0.9934326257769438,72.30551292645497,27.694487073545037,0.4808256127594699,0.17591180954614755,LONGAVI
7,7402,Maule,Colbún,4165,4120,2616,1504,27,18,0.9891956782713085,63.49514563106796,36.50485436893204,0.6482593037214885,0.43217286914765907,COLBUN
7,7401,Maule,Linares,25556,25385,15572,9813,123,48,0.9933088120206605,61.343312980106354,38.65668701989364,0.48129597746126157,0.18782282047268745,LINARES
7,7309,Maule,Vichuquén,122734,122717,122068,649,9,8,0.9998614890739322,99.47114091772126,0.5288590822787389,0.007332931380057686,0.006518161226717943,VICHUQUEN
7,7308,Maule,Teno,80668,80589,78331,2258,49,30,0.9990206773441761,97.19812877688022,2.8018712231197807,0.06074279763970844,0.03718946794267863,TENO
7,7307,Maule,Sagrada Familia,4361,4295,2960,1335,52,14,0.9848658564549415,68.91734575087311,31.08265424912689,1.1923870671864252,0.32102728731942215,SAGRADA FAMILIA
7,7306,Maule,Romeral,1910,1872,124,1748,30,8,0.9801047120418848,6.623931623931624,93.37606837606837,1.5706806282722512,0.41884816753926707,ROMERAL
7,7305,Maule,Rauco,2492,2461,1505,956,23,8,0.9875601926163724,61.15400243803332,38.845997561966676,0.9229534510433388,0.32102728731942215,RAUCO
7,7304,Maule,Molina,38491,38396,34741,3655,69,26,0.997531890571822,90.48077924783831,9.519220752161683,0.17926268478345586,0.06754825803434569,MOLINA
7,7303,Maule,Licantén,6147,6122,5630,492,16,9,0.9959329754351717,91.96341065011434,8.03658934988566,0.2602895721490158,0.14641288433382138,LICANTEN
7,7302,Maule,Hualañé,3143,3109,2325,784,24,10,0.9891823098950048,74.78288838854937,25.217111611450626,0.7636016544702514,0.3181673560292714,HUALAÑE
7,7301,Maule,Curicó,17493,17159,2793,14366,228,106,0.9809066483736352,16.277172329389824,83.72282767061017,1.303378494254845,0.6059566683816383,CURICO
7,7203,Maule,Pelluhue,3562,3541,2589,952,14,7,0.9941044357102752,73.11493928268851,26.885060717311493,0.39303761931499154,0.19651880965749577,PELLUHUE
7,7202,Maule,Chanco,2344,2309,1765,544,19,16,0.9850682593856656,76.44001732351667,23.559982676483326,0.810580204778157,0.6825938566552902,CHANCO
7,7201,Maule,Cauquenes,10032,9896,5199,4697,75,61,0.9864433811802232,52.53637833468068,47.46362166531932,0.7476076555023924,0.6080542264752792,CAUQUENES
7,7110,Maule,San Rafael,36924,36899,36103,796,14,11,0.9993229335933268,97.84275996639475,2.157240033605247,0.03791571877369732,0.029790921893619322,SAN RAFAEL
7,7109,Maule,San Clemente,15512,15370,12268,3102,95,47,0.9908457968024755,79.81782693558881,20.18217306441119,0.612429087158329,0.3029912325941207,SAN CLEMENTE
7,7108,Maule,Río Claro,8998,8952,7935,1017,23,23,0.9948877528339631,88.63941018766755,11.36058981233244,0.25561235830184487,0.25561235830184487,RIO CLARO
7,7107,Maule,Pencahue,24759,24587,18497,6090,102,70,0.9930530312209701,75.23081303127668,24.769186968723307,0.41197140433781654,0.28272547356516825,PENCAHUE
7,7106,Maule,Pelarco,49432,49413,48630,783,15,4,0.9996156335976695,98.41539675793818,1.5846032420618057,0.030344715973458485,0.00809192425958893,PELARCO
7,7105,Maule,Maule,8456,8388,5934,2454,52,16,0.9919583727530747,70.74391988555078,29.25608011444921,0.6149479659413435,0.1892147587511826,MAULE
7,7104,Maule,Empedrado,5367,5351,4675,676,9,7,0.9970188187069127,87.36684731825827,12.63315268174173,0.16769144773616546,0.13042668157257314,EMPEDRADO
7,7103,Maule,Curepto,2507,2476,1740,736,15,16,0.9876346230554448,70.27463651050081,29.72536348949919,0.5983246908655764,0.6382130035899481,CUREPTO
7,7102,Maule,Constitución,19712,19593,15705,3888,81,38,0.9939630681818182,80.15617822691777,19.843821773082222,0.4109172077922078,0.19277597402597402,CONSTITUCION
7,7101,Maule,Talca,49934,49371,27786,21585,260,303,0.9887251171546442,56.28000243057666,43.71999756942335,0.5206873072455641,0.6068009772900228,TALCA
6,6310,Libertador Bernardo O'Higgins,Santa Cruz,6573,6489,3257,3232,55,29,0.987220447284345,50.19263368777932,49.80736631222068,0.836756427810741,0.44119884375475427,SANTA CRUZ
6,6309,Libertador Bernardo O'Higgins,Pumanque,55547,54775,36715,18060,439,333,0.9861018596863917,67.02875399361022,32.97124600638978,0.7903217095432697,0.59949232181756,PUMANQUE
6,6308,Libertador Bernardo O'Higgins,Placilla,1258,1244,422,822,8,6,0.9888712241653418,33.92282958199357,66.07717041800643,0.6359300476947536,0.47694753577106513,PLACILLA
6,6307,Libertador Bernardo O'Higgins,Peralillo,5380,5312,2657,2655,36,32,0.9873605947955391,50.018825301204814,49.981174698795186,0.6691449814126395,0.5947955390334573,PERALILLO
6,6306,Libertador Bernardo O'Higgins,Palmilla,1258,1244,422,822,8,6,0.9888712241653418,33.92282958199357,66.07717041800643,0.6359300476947536,0.47694753577106513,PALMILLA
6,6305,Libertador Bernardo O'Higgins,Nancagua,8486,8454,7267,1187,23,9,0.996229083195852,85.95930920274427,14.040690797255737,0.2710346452981381,0.10605703511666273,NANCAGUA
6,6304,Libertador Bernardo O'Higgins,Lolol,44994,44969,44376,593,15,10,0.9994443703604925,98.68131379394694,1.3186862060530589,0.03333777837044939,0.022225185580299595,LOLOL
6,6303,Libertador Bernardo O'Higgins,Chimbarongo,10760,10674,8076,2598,64,22,0.9920074349442379,75.66048341765037,24.339516582349635,0.5947955390334573,0.20446096654275092,CHIMBARONGO
6,6302,Libertador Bernardo O'Higgins,Chépica,6326,6304,5185,1119,17,5,0.9965222889661713,82.2493654822335,17.750634517766496,0.2687322162503952,0.07903888713246918,CHEPICA
6,6301,Libertador Bernardo O'Higgins,San Fernando,34363,34235,27101,7134,87,41,0.996275063294823,79.1616766467066,20.838323353293415,0.25317929168000464,0.11931437883770334,SAN FERNANDO
6,6206,Libertador Bernardo O'Higgins,Paredones,3276,3246,2779,467,21,9,0.9908424908424909,85.61306223043746,14.386937769562538,0.641025641025641,0.27472527472527475,PAREDONES
6,6205,Libertador Bernardo O'Higgins,Navidad,7098,7074,6506,568,14,10,0.9966187658495351,91.97059655074922,8.029403449250777,0.19723865877712032,0.14088475626937164,NAVIDAD
6,6204,Libertador Bernardo O'Higgins,Marchigüe,4764,4745,4246,499,11,8,0.9960117548278757,89.48366701791359,10.516332982086407,0.23089840470193115,0.16792611251049538,MARCHIGUE
6,6203,Libertador Bernardo O'Higgins,Litueche,26454,26443,25896,547,7,4,0.999584183866334,97.93139961426465,2.068600385735355,0.02646102668783549,0.015120586678763134,LITUECHE
6,6202,Libertador Bernardo O'Higgins,La Estrella,7315,7304,6989,315,8,3,0.9984962406015038,95.68729463307777,4.312705366922234,0.10936431989063566,0.04101161995898838,LA ESTRELLA
6,6201,Libertador Bernardo O'Higgins,Pichilemu,17225,17211,16769,442,8,6,0.9991872278664732,97.43187496368601,2.568125036313985,0.04644412191582003,0.03483309143686503,PICHILEMU
6,6117,Libertador Bernardo O'Higgins,San Vicente,5109,5017,1591,3426,54,38,0.9819925621452339,31.712178592784536,68.28782140721546,1.0569583088667058,0.7437854766099041,SAN VICENTE
6,6116,Libertador Bernardo O'Higgins,Requínoa,23083,23023,20433,2590,40,20,0.9974006844864186,88.75038005472788,11.24961994527212,0.17328770090542822,0.08664385045271411,REQUINOA
6,6115,Libertador Bernardo O'Higgins,Rengo,62082,61930,57666,4264,101,51,0.9975516252698045,93.11480704020668,6.885192959793315,0.1626880577300989,0.08214941528945588,RENGO
6,6114,Libertador Bernardo O'Higgins,Quinta de Tilcoco,3492,3465,2536,929,17,10,0.9922680412371134,73.1890331890332,26.810966810966814,0.4868270332187858,0.286368843069874,QUINTA DE TILCOCO
6,6113,Libertador Bernardo O'Higgins,Pichidegua,29683,29475,22498,6977,141,67,0.9929926220395513,76.32909245122985,23.670907548770145,0.47501937135734257,0.2257184246875316,PICHIDEGUA
6,6112,Libertador Bernardo O'Higgins,Peumo,2204,2151,719,1432,33,20,0.9759528130671506,33.42631334263134,66.57368665736867,1.4972776769509981,0.9074410163339384,PEUMO
6,6111,Libertador Bernardo O'Higgins,Olivar,1517,1489,153,1336,17,11,0.981542518127884,10.275352585627937,89.72464741437206,1.1206328279499012,0.7251153592617008,OLIVAR
6,6110,Libertador Bernardo O'Higgins,Mostazal,11610,11557,9845,1712,32,21,0.9954349698535745,85.18646707623085,14.813532923769143,0.27562446167097326,0.1808785529715762,MOSTAZAL
6,6109,Libertador Bernardo O'Higgins,Malloa,209937,209897,208748,1149,26,14,0.9998094666495186,99.45258865062388,0.5474113493761226,0.012384667781286768,0.0066686672668467215,MALLOA
6,6108,Libertador Bernardo O'Higgins,Machalí,6254,6172,1711,4461,45,37,0.9868883914294851,27.721970187945562,72.27802981205443,0.7195394947233771,0.59162136232811,MACHALI
6,6107,Libertador Bernardo O'Higgins,Las Cabras,6565,6510,5084,1426,36,19,0.9916222391469917,78.0952380952381,21.904761904761905,0.5483625285605483,0.2894135567402894,LAS CABRAS
6,6106,Libertador Bernardo O'Higgins,Graneros,5619,5520,3290,2230,62,37,0.9823812066203951,59.60144927536232,40.39855072463768,1.1033991813489945,0.6584801566114967,GRANEROS
6,6105,Libertador Bernardo O'Higgins,Doñihue,6422,6379,4886,1493,29,14,0.9933042665836188,76.59507759836966,23.404922401630348,0.45157271877919647,0.21800062285892244,DOÑIHUE
6,6104,Libertador Bernardo O'Higgins,Coltauco,6549,6499,5159,1340,34,16,0.9923652466025348,79.38144329896907,20.618556701030926,0.5191632310276378,0.24431210871888837,COLTAUCO
6,6103,Libertador Bernardo O'Higgins,Coinco,5150,5121,4420,701,22,7,0.9943689320388349,86.31126733059949,13.688732669400508,0.4271844660194175,0.13592233009708737,COINCO
6,6102,Libertador Bernardo O'Higgins,Codegua,1790,1763,892,871,21,6,0.9849162011173185,50.59557572319909,49.40442427680091,1.1731843575418994,0.33519553072625696,CODEGUA
6,6101,Libertador Bernardo O'Higgins,Rancagua,23043,22443,3159,19284,326,274,0.9739617237338888,14.075658334447267,85.92434166555273,1.414746343792041,1.1890812828190773,RANCAGUA
5,5804,Valparaíso,Villa Alemana,16046,15828,3774,12054,162,56,0.9864140595787112,23.843821076573164,76.15617892342684,1.009597407453571,0.34899663467530845,VILLA ALEMANA
5,5803,Valparaíso,Olmué,2339,2289,317,1972,39,11,0.9786233433091065,13.848842289209262,86.15115771079074,1.6673792218896963,0.470286447199658,OLMUE
5,5802,Valparaíso,Limache,7061,6943,2412,4531,77,41,0.9832884860501345,34.74002592539248,65.25997407460751,1.0904970967285088,0.580654298258037,LIMACHE
5,5801,Valparaíso,Quilpué,47460,47118,30871,16247,270,72,0.9927939317319848,65.51848550447812,34.48151449552188,0.5689001264222503,0.15170670037926676,QUILPUE
5,5706,Valparaíso,Santa María,4662,4626,3541,1085,28,8,0.9922779922779923,76.54561175961953,23.454388240380457,0.6006006006006006,0.1716001716001716,SANTA MARIA
5,5705,Valparaíso,Putaendo,2890,2849,1769,1080,22,19,0.9858131487889273,62.091962091962095,37.908037908037905,0.7612456747404844,0.657439446366782,PUTAENDO
5,5704,Valparaíso,Panquehue,9302,9290,8572,718,12,0,0.9987099548484197,92.27125941872981,7.728740581270182,0.12900451515803052,0,PANQUEHUE
5,5703,Valparaíso,Llaillay,3312,3246,1971,1275,51,15,0.980072463768116,60.72088724584104,39.27911275415896,1.5398550724637683,0.4528985507246377,LLAILLAY
5,5702,Valparaíso,Catemu,14516,14461,13750,711,46,9,0.9962110774317994,95.08332757070743,4.91667242929258,0.31689170570405073,0.062000551116009925,CATEMU
5,5701,Valparaíso,San Felipe,7654,7490,1367,6123,121,43,0.9785732950091456,18.251001335113486,81.74899866488651,1.5808727462764567,0.5617977528089888,SAN FELIPE
5,5606,Valparaíso,Santo Domingo,121643,121606,119023,2583,22,15,0.9996958312438858,97.87592717464598,2.1240728253540118,0.018085709823006668,0.012331165788413635,SANTO DOMINGO
5,5605,Valparaíso,El Tabo,6934,6909,5767,1142,19,6,0.9963945774444765,83.47083514256767,16.529164857432335,0.27401211421978655,0.08653014133256418,EL TABO
5,5604,Valparaíso,El Quisco,14080,14043,12606,1437,30,7,0.997372159090909,89.76714377269815,10.232856227301859,0.2130681818181818,0.04971590909090909,EL QUISCO
5,5603,Valparaíso,Cartagena,6707,6678,4978,1700,18,11,0.9956761592366185,74.54327643006889,25.456723569931118,0.26837632324437155,0.16400775309378263,CARTAGENA
5,5602,Valparaíso,Algarrobo,8021.501,7985.501,5867.501,2118,23,13,0.9955120618946504,73.4769302514645,26.523069748535498,0.28672937895289174,0.16206443158206923,ALGARROBO
5,5601,Valparaíso,San Antonio,14055,13923,8984,4939,99,33,0.9906083244397011,64.52632334985276,35.47367665014724,0.7043756670224119,0.23479188900747067,SAN ANTONIO
5,5506,Valparaíso,Nogales,5139,5063,2003,3060,47,29,0.9852111305701499,39.56152478767529,60.438475212324704,0.9145748200038918,0.5643121229811248,NOGALES
5,5504,Valparaíso,La Cruz,39215,39186,37198,1988,22,7,0.99926048705852355,94.92675955698463,5.073240443015362,0.05610098176718093,0.01785031238046666,LA CRUZ
5,5503,Valparaíso,Hijuelas,1798,1754,488,1266,28,16,0.9755283648498332,27.822120866590648,72.17787913340935,1.557285873192436,0.8898776418242491,HIJUELAS
5,5502,Valparaíso,Calera,10312,10173,6812,3361,94,45,0.9865205585725368,66.96156492676694,33.03843507323307,0.9115593483320403,0.43638479441427463,CALERA
5,5501,Valparaíso,Quillota,12205,12005,4072,7933,149,51,0.9836132732486685,33.9192003331945,66.0807996668055,1.220811142974191,0.4178615321589512,QUILLOTA
5,5405,Valparaíso,Zapallar,6921,6905,5262,1643,13,3,0.9976881953474931,76.20564808110065,23.79435191889935,0.18783412801618266,0.043346337234503686,ZAPALLAR
5,5404,Valparaíso,Petorca,6578,6568,6222,346,7,3,0.9984797810884768,94.73203410475031,5.267965895249695,0.10641532380662815,0.045606567345697784,PETORCA
5,5403,Valparaíso,Papudo,3579,3559,2858,701,14,6,0.9944118468846046,80.30345602697388,19.69654397302613,0.39117071807767534,0.16764459346186086,PAPUDO
5,5402,Valparaíso,Cabildo,6725,6674,5574,1100,35,16,0.9924163568773234,83.51813005693737,16.48186994306263,0.5204460966542751,0.23791821561338292,CABILDO
5,5401,Valparaíso,La Ligua,3766,3685,1345,2340,57,24,0.9784917684545937,36.49932157394844,63.50067842605156,1.5135422198619224,0.6372809346787042,LA LIGUA
5,5304,Valparaíso,San Esteban,13169,13108,11646,1462,46,15,0.9953679094843951,88.84650595056453,11.15349404943546,0.3493051864226593,0.11390386513782368,SAN ESTEBAN
5,5303,Valparaíso,Rinconada,4652,4619,3583,1036,18,15,0.9929062768701634,77.5709027928123,22.429097207187702,0.3869303525365434,0.32244196044711954,RINCONADA
5,5302,Valparaíso,Calle Larga,10354,10307,9352,955,37,10,0.9954606915201855,90.73445231396138,9.265547686038616,0.3573498164960402,0.09658103148541626,CALLE LARGA
5,5301,Valparaíso,Los Andes,10096,9959,4186,5773,100,37,0.9864302694136292,42.032332563510394,57.96766743648961,0.9904912836767036,0.36648177496038037,LOS ANDES
5,5201,Valparaíso,Isla de Pascua,12812,12794,12378,416,11,7,0.9985950671245707,96.74847584805377,3.2515241519462252,0.08585700905401186,0.05463627848891663,ISLA DE PASCUA
5,5109,Valparaíso,Viña del Mar,59023,58350,15087,43263,492,181,0.9885976653169104,25.8560411311054,74.1439588688946,0.8335733527607883,0.3066601155481762,VIÑA DEL MAR
5,5107,Valparaíso,Quintero,49220,49129,46729,2400,70,21,0.9981511580658269,95.11490158562152,4.885098414378473,0.14221861032100772,0.04266558309630232,QUINTERO
5,5105,Valparaíso,Puchuncaví,17601,17166,10252,6914,353,82,0.9752854951423214,59.72270767796808,40.27729232203192,2.0055678654621896,0.46588262030566446,PUCHUNCAVI
5,5104,Valparaíso,Juan Fernández,2354,2354,2292,62,0,0,1,97.3661852166525,2.6338147833474936,0,0,JUAN FERNANDEZ
5,5103,Valparaíso,Concón,65074,64968,56395,8573,74,32,0.9983710852260503,86.80427287279892,13.195727127201085,0.11371669176629684,0.04917478562866889,CONCON
5,5102,Valparaíso,Casablanca,9706,9638,7346,2292,52,16,0.9929940243148568,76.21913260012451,23.780867399875493,0.535751081805069,0.164846486709252,CASABLANCA
5,5101,Valparaíso,Valparaíso,44574,43890,18485,25405,486,198,0.9846547314578005,42.11665527455001,57.883344725449994,1.0903217122089108,0.44420514201103783,VALPARAISO
4,4305,Coquimbo,Río Hurtado,4018,3999,3733,266,9,10,0.9952712792434046,93.34833708427107,6.651662915728933,0.22399203583872573,0.24888003982080636,RIO HURTADO
4,4304,Coquimbo,Punitaqui,97326,97305,96394,911,15,6,0.9997842303187227,99.06376856276657,0.9362314372334412,0.015412120091239752,0.006164848036495901,PUNITAQUI
4,4303,Coquimbo,Monte Patria,16779,16700,15425,1275,56,23,0.9952917337147625,92.36526946107784,7.634730538922156,0.3337505214851898,0.1370761070385601,MONTE PATRIA
4,4302,Coquimbo,Combarbalá,6813,6781,6177,604,17,15,0.9953030970204022,91.09275918006193,8.907240819938062,0.2495229707911346,0.22016732716864817,COMBARBALA
4,4301,Coquimbo,Ovalle,57720,57480,51582,5898,151,89,0.9958419958419958,89.73903966597078,10.260960334029228,0.2616077616077616,0.15419265419265418,OVALLE
4,4204,Coquimbo,Salamanca,7795,7726,6256,1470,53,16,0.9911481719050673,80.9733367848822,19.026663215117782,0.6799230275817832,0.20525978191148175,SALAMANCA
4,4203,Coquimbo,Los Vilos,2622,2573,1409,1164,29,20,0.9813119755911518,54.760979401476874,45.239020598523126,1.1060259344012204,0.7627765064836003,LOS VILOS
4,4202,Coquimbo,Canela,754,726,293,433,16,12,0.9628647214854111,40.358126721763085,59.641873278236915,2.122015915119363,1.5915119363395225,CANELA
4,4201,Coquimbo,Illapel,38638,38553,37171,1382,56,29,0.9978000931725245,96.41532435867506,3.5846756413249294,0.1449350380454475,0.07505564470210674,ILLAPEL
4,4106,Coquimbo,Vicuña,8434,8368,7060,1308,45,21,0.9921745316575765,84.36902485659655,15.630975143403441,0.5335546597106948,0.2489921745316576,VICUÑA
4,4105,Coquimbo,Paihuano,17225,17211,16769,442,8,6,0.9991872278664732,97.43187496368601,2.568125036313985,0.04644412191582003,0.03483309143686503,PAIHUANO
4,4104,Coquimbo,La Higuera,50204,50191,49985,206,9,4,0.9997410564895227,99.5895678508099,0.41043214919009385,0.017926858417655966,0.007967492630069318,LA HIGUERA
4,4103,Coquimbo,Andacollo,12315,12276,11694,582,26,13,0.9968331303288672,95.25904203323559,4.740957966764419,0.21112464474218434,0.10556232237109217,ANDACOLLO
4,4102,Coquimbo,Coquimbo,63913,63538,51042,12496,273,102,0.9941326490698293,80.3330290534798,19.666970946520195,0.427143147716427,0.15959194530064308,COQUIMBO
4,4101,Coquimbo,La Serena,56847,56506,39970,16536,237,104,0.9940014424683801,70.73585106006442,29.26414893993558,0.4169085439864901,0.1829472091755062,LA SERENA
3,3304,Atacama,Huasco,1564,1540,1136,404,18,6,0.9846547314578005,73.76623376623377,26.233766233766232,1.1508951406649617,0.3836317135549872,HUASCO
3,3303,Atacama,Freirina,5434,5419,5198,221,14,1,0.9972396025027604,95.92175678169403,4.0782432183059605,0.25763709974236293,0.01840264998159735,FREIRINA
3,3302,Atacama,Alto del Carmen,1527,1510,1269,241,9,8,0.9888670595939751,84.03973509933775,15.960264900662253,0.5893909626719057,0.5239030779305829,ALTO DEL CARMEN
3,3301,Atacama,Vallenar,61197,61070,58607,2463,90,37,0.9979247348726245,95.96692320288194,4.033076797118061,0.14706603264865925,0.060460480088893244,VALLENAR
3,3202,Atacama,Diego de Almagro,3868,3843,3344,499,17,8,0.9935367114788004,87.01535258912308,12.984647410876917,0.43950361944157185,0.2068252326783868,DIEGO DE ALMAGRO
3,3201,Atacama,Chañaral,2098,2059,964,1095,21,18,0.9814108674928503,46.818844099077225,53.18115590092278,1.0009532888465205,0.8579599618684461,CHAÑARAL
3,3103,Atacama,Tierra Amarilla,3704,3663,3003,660,26,15,0.9889308855291576,81.98198198198197,18.01801801801802,0.7019438444924406,0.4049676025917927,TIERRA AMARILLA
3,3102,Atacama,Caldera,9931,9885,8760,1125,34,12,0.9953680394723593,88.61911987860395,11.380880121396055,0.3423622998690967,0.12083375289497532,CALDERA
3,3101,Atacama,Copiapó,11078,10784,1149,9635,230,64,0.9734609135222965,10.654673590504451,89.34532640949556,2.0761870373713665,0.577721610398989,COPIAPO
2,2302,Antofagasta,María Elena,2608,2595,2408,187,8,5,0.9950153374233128,92.79383429672447,7.20616570327553,0.3067484662576687,0.19171779141104295,MARIA ELENA
2,2301,Antofagasta,Tocopilla,3177,3123,2100,1023,37,17,0.9830028328611898,67.24303554274735,32.75696445725264,1.164620711362921,0.5350960025180989,TOCOPILLA
2,2203,Antofagasta,San Pedro de Atacama,2800,2772,2374,398,16,12,0.99,85.64213564213564,14.357864357864358,0.5714285714285714,0.4285714285714286,SAN PEDRO DE ATACAMA
2,2202,Antofagasta,Ollagüe,5183,5182,5121,61,1,0,0.9998070615473664,98.82284832111155,1.1771516788884602,0.019293845263360986,0,OLLAGUE
2,2201,Antofagasta,Calama,17584,17138,6858,10280,356,90,0.9746360327570519,40.01633796242269,59.98366203757731,2.024567788898999,0.5118289353958144,CALAMA
2,2104,Antofagasta,Taltal,52526,52498,51933,565,19,9,0.9994669306629098,98.92376852451522,1.0762314754847804,0.03617256215969234,0.017134371549327954,TALTAL
2,2103,Antofagasta,Sierra Gorda,4110,4107,4003,104,3,0,0.9992700729927008,97.46773800827854,2.532261991721451,0.072992700729927,0,SIERRA GORDA
2,2102,Antofagasta,Mejillones,3974,3951,3418,533,16,7,0.994212380473075,86.50974436851429,13.4902556314857,0.40261701056869653,0.17614494212380472,MEJILLONES
2,2101,Antofagasta,Antofagasta,24097,23538,10,23528,430,129,0.9768020915466655,0.042484493159996604,99.95751550684,1.7844544964103415,0.5353363489231024,ANTOFAGASTA
1,1405,Tarapacá,Pica,6826,6709,3208,3501,95,22,0.9828596542631116,47.81636607542107,52.18363392457892,1.3917374743627307,0.32229709932610606,PICA
1,1404,Tarapacá,Huara,1529,1515,1136,379,8,6,0.9908436886854153,74.98349834983499,25.01650165016502,0.5232177894048398,0.3924133420536298,HUARA
1,1403,Tarapacá,Colchane,5768,5749,5375,374,16,3,0.9967059639389736,93.49452078622369,6.505479213776309,0.27739251040221913,0.052011095700416086,COLCHANE
1,1402,Tarapacá,Camiña,976,963,756,207,11,2,0.9866803278688525,78.50467289719626,21.49532710280374,1.1270491803278688,0.20491803278688525,CAMIÑA
1,1401,Tarapacá,Pozo Almonte,3579,3559,2858,701,14,6,0.9944118468846046,80.30345602697388,19.69654397302613,0.39117071807767534,0.16764459346186086,POZO ALMONTE
1,1107,Tarapacá,Alto Hospicio,6228,6093,1559,4534,98,37,0.9783236994219653,25.586738880682752,74.41326111931726,1.573538856775851,0.5940912010276171,ALTO HOSPICIO
1,1101,Tarapacá,Iquique,50564,50179,31300,18879,273,112,0.9923858871924689,62.37669144462823,37.62330855537177,0.5399098172612926,0.22150146349181238,IQUIQUE
NA,NA,NA,NA,12038,12038,12017,21,0,0,1,99.82555241734508,0.17444758265492608,0,0,ANTARTICA
